"id","lat","lng","alt","time","photoname"
1,24.3899016667,120.760261667,462.1,"2013-12-24 07:54:23","IMGP4388.JPG"
2,24.3899016667,120.760261667,462.1,"2013-12-24 07:55:09","IMGP4389.JPG"
3,24.3899016667,120.760261667,462.1,"2013-12-24 07:55:54","IMGP4390.JPG"
4,24.3899016667,120.760261667,462.1,"2013-12-24 07:56:40","IMGP4391.JPG"
5,24.3899016667,120.760261667,462.1,"2013-12-24 07:57:24","IMGP4392.JPG"
6,24.3899016667,120.760261667,462.1,"2013-12-24 07:58:09","IMGP4393.JPG"
7,24.3899016667,120.760261667,462.1,"2013-12-24 07:58:54","IMGP4394.JPG"
8,24.3899016667,120.760261667,462.1,"2013-12-24 07:59:40","IMGP4395.JPG"
9,24.3899016667,120.760261667,462.1,"2013-12-24 08:00:24","IMGP4396.JPG"
10,24.3899016667,120.760261667,462.1,"2013-12-24 08:01:09","IMGP4397.JPG"
11,24.3899016667,120.760261667,462.1,"2013-12-24 08:01:54","IMGP4398.JPG"
12,24.3899016667,120.760261667,462.1,"2013-12-24 08:02:39","IMGP4399.JPG"
13,24.3899016667,120.760261667,462.1,"2013-12-24 08:03:24","IMGP4400.JPG"
14,24.3899016667,120.760261667,462.1,"2013-12-24 08:04:09","IMGP4401.JPG"
15,24.3899016667,120.760261667,462.1,"2013-12-24 08:04:54","IMGP4402.JPG"
16,24.3899016667,120.760261667,462.1,"2013-12-24 08:05:39","IMGP4403.JPG"
17,24.39037,120.760476667,477.3,"2013-12-24 08:06:24","IMGP4404.JPG"
18,24.3905483333,120.76027,477.2,"2013-12-24 08:07:09","IMGP4405.JPG"
19,24.3906816667,120.760211667,476.6,"2013-12-24 08:07:54","IMGP4406.JPG"
20,24.3905033333,120.760006667,476.2,"2013-12-24 08:08:39","IMGP4407.JPG"
21,24.39096,120.759431667,475.1,"2013-12-24 08:09:24","IMGP4408.JPG"
22,24.39096,120.759431667,475.1,"2013-12-24 08:10:09","IMGP4409.JPG"
23,24.39096,120.759431667,475.1,"2013-12-24 08:10:54","IMGP4410.JPG"
24,24.39096,120.759431667,475.1,"2013-12-24 08:11:39","IMGP4411.JPG"
25,24.39096,120.759431667,475.1,"2013-12-24 08:12:24","IMGP4412.JPG"
26,24.39096,120.759431667,475.1,"2013-12-24 08:13:09","IMGP4413.JPG"
27,24.39096,120.759431667,475.1,"2013-12-24 08:13:54","IMGP4414.JPG"
28,24.39096,120.759431667,475.1,"2013-12-24 08:14:39","IMGP4415.JPG"
29,24.39096,120.759431667,475.1,"2013-12-24 08:15:24","IMGP4416.JPG"
30,24.39096,120.759431667,475.1,"2013-12-24 08:16:09","IMGP4417.JPG"
31,24.373395,120.747841667,469.2,"2013-12-24 08:16:54","IMGP4418.JPG"
32,24.373395,120.747841667,469.2,"2013-12-24 08:17:39","IMGP4419.JPG"
33,24.373395,120.747841667,469.2,"2013-12-24 08:18:24","IMGP4420.JPG"
34,24.373395,120.747841667,469.2,"2013-12-24 08:19:09","IMGP4421.JPG"
35,24.373395,120.747841667,469.2,"2013-12-24 08:19:54","IMGP4422.JPG"
36,24.373395,120.747841667,469.2,"2013-12-24 08:20:39","IMGP4423.JPG"
37,24.373395,120.747841667,469.2,"2013-12-24 08:21:24","IMGP4424.JPG"
38,24.373395,120.747841667,469.2,"2013-12-24 08:22:09","IMGP4425.JPG"
39,24.373395,120.747841667,469.2,"2013-12-24 08:22:54","IMGP4426.JPG"
40,24.3456833333,120.733661667,454.3,"2013-12-24 08:23:39","IMGP4427.JPG"
41,24.3456833333,120.733661667,454.3,"2013-12-24 08:24:24","IMGP4428.JPG"
42,24.3456833333,120.733661667,454.3,"2013-12-24 08:25:09","IMGP4429.JPG"
43,24.3456833333,120.733661667,454.3,"2013-12-24 08:25:54","IMGP4430.JPG"
44,24.3456833333,120.733661667,454.3,"2013-12-24 08:26:39","IMGP4431.JPG"
45,24.3456833333,120.733661667,454.3,"2013-12-24 08:27:24","IMGP4432.JPG"
46,24.3456833333,120.733661667,454.3,"2013-12-24 08:28:09","IMGP4433.JPG"
47,24.3456833333,120.733661667,454.3,"2013-12-24 08:28:54","IMGP4434.JPG"
48,24.3456833333,120.733661667,454.3,"2013-12-24 08:29:39","IMGP4435.JPG"
49,24.3456833333,120.733661667,454.3,"2013-12-24 08:30:24","IMGP4436.JPG"
50,24.3262083333,120.728193333,445.8,"2013-12-24 08:31:09","IMGP4437.JPG"
51,24.3256716667,120.724325,445,"2013-12-24 08:31:54","IMGP4438.JPG"
52,24.3256716667,120.724325,445,"2013-12-24 08:32:39","IMGP4439.JPG"
53,24.3256716667,120.724325,445,"2013-12-24 08:33:24","IMGP4440.JPG"
54,24.3256716667,120.724325,445,"2013-12-24 08:34:09","IMGP4441.JPG"
55,24.3256716667,120.724325,445,"2013-12-24 08:34:54","IMGP4442.JPG"
56,24.3256716667,120.724325,445,"2013-12-24 08:35:39","IMGP4443.JPG"
57,24.3256716667,120.724325,445,"2013-12-24 08:36:24","IMGP4444.JPG"
58,24.3256716667,120.724325,445,"2013-12-24 08:37:09","IMGP4445.JPG"
59,24.31743,120.724041667,440.1,"2013-12-24 08:37:54","IMGP4446.JPG"
60,24.3122683333,120.723865,437.9,"2013-12-24 08:38:39","IMGP4447.JPG"
61,24.3122683333,120.723865,437.9,"2013-12-24 08:39:24","IMGP4448.JPG"
62,24.3122683333,120.723865,437.9,"2013-12-24 08:40:09","IMGP4449.JPG"
63,24.30916,120.72297,431.8,"2013-12-24 08:40:54","IMGP4450.JPG"
64,24.30916,120.72297,431.8,"2013-12-24 08:41:39","IMGP4451.JPG"
65,24.30916,120.72297,431.8,"2013-12-24 08:42:24","IMGP4452.JPG"
66,24.30916,120.72297,431.8,"2013-12-24 08:43:09","IMGP4453.JPG"
67,24.30916,120.72297,431.8,"2013-12-24 08:43:54","IMGP4454.JPG"
68,24.30916,120.72297,431.8,"2013-12-24 08:44:39","IMGP4455.JPG"
69,24.30916,120.72297,431.8,"2013-12-24 08:45:24","IMGP4456.JPG"
70,24.30916,120.72297,431.8,"2013-12-24 08:46:09","IMGP4457.JPG"
71,24.2957633333,120.72309,422.6,"2013-12-24 08:46:54","IMGP4458.JPG"
72,24.2957633333,120.72309,422.6,"2013-12-24 08:47:39","IMGP4459.JPG"
73,24.2957633333,120.72309,422.6,"2013-12-24 08:48:24","IMGP4460.JPG"
74,24.2957633333,120.72309,422.6,"2013-12-24 08:49:09","IMGP4461.JPG"
75,24.2957633333,120.72309,422.6,"2013-12-24 08:49:54","IMGP4462.JPG"
76,24.2817216667,120.723463333,412.6,"2013-12-24 08:50:39","IMGP4463.JPG"
77,24.2806166667,120.721411667,412.2,"2013-12-24 08:51:24","IMGP4464.JPG"
78,24.27995,120.721228333,412,"2013-12-24 08:52:09","IMGP4465.JPG"
79,24.2789816667,120.721878333,411.2,"2013-12-24 08:52:54","IMGP4466.JPG"
80,24.2770516667,120.723095,409.8,"2013-12-24 08:53:39","IMGP4467.JPG"
81,24.2771416667,120.72306,409.2,"2013-12-24 08:54:24","IMGP4468.JPG"
82,24.277755,120.724151667,408,"2013-12-24 08:55:09","IMGP4469.JPG"
83,24.277655,120.726368333,406.8,"2013-12-24 08:55:54","IMGP4470.JPG"
84,24.2777433333,120.72674,406.4,"2013-12-24 08:56:39","IMGP4471.JPG"
85,24.2777433333,120.72674,406.4,"2013-12-24 08:57:24","IMGP4472.JPG"
86,24.2777433333,120.72674,406.4,"2013-12-24 08:58:09","IMGP4473.JPG"
87,24.2777433333,120.72674,406.4,"2013-12-24 08:58:54","IMGP4474.JPG"
88,24.2741783333,120.733863333,400.4,"2013-12-24 08:59:39","IMGP4475.JPG"
89,24.2733883333,120.736328333,399.1,"2013-12-24 09:00:24","IMGP4476.JPG"
90,24.2722383333,120.738516667,397,"2013-12-24 09:01:09","IMGP4477.JPG"
91,24.2722383333,120.738516667,397,"2013-12-24 09:01:54","IMGP4478.JPG"
92,24.2722383333,120.738516667,397,"2013-12-24 09:02:39","IMGP4479.JPG"
93,24.2722383333,120.738516667,397,"2013-12-24 09:03:24","IMGP4480.JPG"
94,24.2722383333,120.738516667,397,"2013-12-24 09:04:09","IMGP4481.JPG"
95,24.2694633333,120.747566667,388.8,"2013-12-24 09:04:54","IMGP4482.JPG"
96,24.2694633333,120.747566667,388.8,"2013-12-24 09:05:39","IMGP4483.JPG"
97,24.2694633333,120.747566667,388.8,"2013-12-24 09:06:24","IMGP4484.JPG"
98,24.2692566667,120.749493333,388.1,"2013-12-24 09:07:09","IMGP4485.JPG"
99,24.2692566667,120.749493333,388.1,"2013-12-24 09:07:54","IMGP4486.JPG"
100,0,0,0,"2013-12-24 09:08:39","IMGP4487.JPG"
101,24.2730333333,120.753891667,307.1,"2013-12-24 09:09:24","IMGP4488.JPG"
102,24.2730333333,120.753891667,307.1,"2013-12-24 09:10:09","IMGP4489.JPG"
103,24.27547,120.757501667,300.5,"2013-12-24 09:10:54","IMGP4490.JPG"
104,24.27547,120.757501667,300.5,"2013-12-24 09:11:39","IMGP4491.JPG"
105,24.27547,120.757501667,300.5,"2013-12-24 09:12:24","IMGP4492.JPG"
106,24.27547,120.757501667,300.5,"2013-12-24 09:13:09","IMGP4493.JPG"
107,24.27701,120.764103333,295.6,"2013-12-24 09:13:54","IMGP4494.JPG"
108,24.27701,120.764103333,295.6,"2013-12-24 09:14:39","IMGP4495.JPG"
109,24.27701,120.764103333,295.6,"2013-12-24 09:15:24","IMGP4496.JPG"
110,24.275355,120.770528333,293.6,"2013-12-24 09:16:09","IMGP4497.JPG"
111,24.2750583333,120.772395,291.9,"2013-12-24 09:16:54","IMGP4498.JPG"
112,24.2750583333,120.772395,291.9,"2013-12-24 09:17:39","IMGP4499.JPG"
113,24.2750583333,120.772395,291.9,"2013-12-24 09:18:24","IMGP4500.JPG"
114,24.2750583333,120.772395,291.9,"2013-12-24 09:19:09","IMGP4501.JPG"
115,24.274195,120.780496667,291.1,"2013-12-24 09:19:54","IMGP4502.JPG"
116,24.274195,120.780496667,291.1,"2013-12-24 09:20:39","IMGP4503.JPG"
117,24.274195,120.780496667,291.1,"2013-12-24 09:21:24","IMGP4504.JPG"
118,24.274675,120.783123333,293.7,"2013-12-24 09:22:09","IMGP4505.JPG"
119,24.274675,120.783123333,293.7,"2013-12-24 09:22:54","IMGP4506.JPG"
120,24.2760916667,120.783466667,295.9,"2013-12-24 09:23:39","IMGP4507.JPG"
121,24.27645,120.783678333,296.7,"2013-12-24 09:24:24","IMGP4508.JPG"
122,24.27652,120.783691667,296.6,"2013-12-24 09:25:09","IMGP4509.JPG"
123,24.2764066667,120.783735,296.5,"2013-12-24 09:25:54","IMGP4510.JPG"
124,24.27644,120.783688333,296.5,"2013-12-24 09:26:39","IMGP4511.JPG"
125,24.27644,120.783688333,296.5,"2013-12-24 09:27:24","IMGP4512.JPG"
126,24.27639,120.783663333,296.7,"2013-12-24 09:28:09","IMGP4513.JPG"
127,24.27641,120.783708333,297.2,"2013-12-24 09:28:54","IMGP4514.JPG"
128,24.2764216667,120.78376,297.1,"2013-12-24 09:29:39","IMGP4515.JPG"
129,24.2764216667,120.78376,297.1,"2013-12-24 09:30:24","IMGP4516.JPG"
130,24.2764216667,120.78376,297.1,"2013-12-24 09:31:09","IMGP4517.JPG"
131,24.2764216667,120.78376,297.1,"2013-12-24 09:31:54","IMGP4518.JPG"
132,24.2764216667,120.78376,297.1,"2013-12-24 09:32:39","IMGP4519.JPG"
133,24.276445,120.783646667,316.9,"2013-12-24 09:33:24","IMGP4520.JPG"
134,24.27648,120.783706667,317.1,"2013-12-24 09:34:09","IMGP4521.JPG"
135,24.276445,120.783596667,317.29,"2013-12-24 09:34:54","IMGP4522.JPG"
136,24.27645,120.783618333,317.29,"2013-12-24 09:35:39","IMGP4523.JPG"
137,24.2764216667,120.783621667,317.1,"2013-12-24 09:36:24","IMGP4524.JPG"
138,24.2764133333,120.78361,317.1,"2013-12-24 09:37:09","IMGP4525.JPG"
139,24.2764366667,120.78364,317.1,"2013-12-24 09:37:54","IMGP4526.JPG"
140,24.2764366667,120.78364,317.1,"2013-12-24 09:38:39","IMGP4527.JPG"
141,24.2764583333,120.78366,315.79,"2013-12-24 09:39:24","IMGP4528.JPG"
142,24.2764416667,120.78361,315.79,"2013-12-24 09:41:27","IMGP4529.JPG"
143,24.2764416667,120.78361,315.79,"2013-12-24 09:41:45","IMGP4530.JPG"
144,24.2764416667,120.78361,315.79,"2013-12-24 09:42:10","IMGP4531.JPG"
145,24.2765516667,120.78377,315.4,"2013-12-24 09:43:00","IMGP4532.JPG"
146,24.276475,120.783811667,315.1,"2013-12-24 09:47:08","IMGP4533.JPG"
147,24.276475,120.783811667,315.1,"2013-12-24 09:48:53","IMGP4534.JPG"
148,24.276475,120.783811667,315.1,"2013-12-24 09:51:07","IMGP4535.JPG"
149,24.276475,120.783811667,315.1,"2013-12-24 09:51:36","IMGP4536.JPG"
150,24.2765783333,120.783905,314.79,"2013-12-24 09:56:56","IMGP4537.JPG"
151,24.2765783333,120.783905,314.79,"2013-12-24 10:00:29","IMGP4538.JPG"
152,24.2765783333,120.783905,314.79,"2013-12-24 10:01:10","IMGP4539.JPG"
153,24.2765783333,120.783905,314.79,"2013-12-24 10:01:57","IMGP4540.JPG"
154,24.2763916667,120.783655,314.79,"2013-12-24 10:02:44","IMGP4541.JPG"
155,24.27653,120.783663333,315,"2013-12-24 10:03:29","IMGP4542.JPG"
156,24.2764783333,120.783643333,314.9,"2013-12-24 10:04:14","IMGP4543.JPG"
157,24.2763066667,120.783588333,315.1,"2013-12-24 10:04:59","IMGP4544.JPG"
158,24.2763066667,120.783588333,315.1,"2013-12-24 10:05:44","IMGP4545.JPG"
159,24.2765166667,120.783608333,315.7,"2013-12-24 10:06:29","IMGP4546.JPG"
160,24.2765166667,120.783608333,315.7,"2013-12-24 10:07:14","IMGP4547.JPG"
161,24.2765166667,120.783608333,315.7,"2013-12-24 10:07:59","IMGP4548.JPG"
162,24.2759966667,120.783723333,314.79,"2013-12-24 10:08:44","IMGP4549.JPG"
163,24.2759966667,120.783723333,314.79,"2013-12-24 10:09:29","IMGP4550.JPG"
164,24.2743466667,120.785271667,312.7,"2013-12-24 10:10:14","IMGP4551.JPG"
165,24.2743466667,120.785271667,312.7,"2013-12-24 10:10:59","IMGP4552.JPG"
166,24.2737966667,120.788828333,312.79,"2013-12-24 10:11:44","IMGP4553.JPG"
167,24.2737966667,120.788828333,312.79,"2013-12-24 10:12:29","IMGP4554.JPG"
168,24.2737966667,120.788828333,312.79,"2013-12-24 10:13:14","IMGP4555.JPG"
169,24.2737966667,120.788828333,312.79,"2013-12-24 10:13:59","IMGP4556.JPG"
170,24.2708216667,120.795713333,310.7,"2013-12-24 10:14:44","IMGP4557.JPG"
171,24.2708216667,120.795713333,310.7,"2013-12-24 10:15:29","IMGP4558.JPG"
172,24.2692866667,120.79988,309.4,"2013-12-24 10:16:14","IMGP4559.JPG"
173,24.2692866667,120.79988,309.4,"2013-12-24 10:16:59","IMGP4560.JPG"
174,24.267295,120.804373333,306.79,"2013-12-24 10:17:44","IMGP4561.JPG"
175,24.2665266667,120.806173333,306.7,"2013-12-24 10:18:29","IMGP4562.JPG"
176,24.2660966667,120.807063333,306.4,"2013-12-24 10:19:14","IMGP4563.JPG"
177,24.2649166667,120.808713333,306.9,"2013-12-24 10:19:59","IMGP4564.JPG"
178,24.2635433333,120.810768333,306.5,"2013-12-24 10:20:44","IMGP4565.JPG"
179,24.2622533333,120.812781667,306.1,"2013-12-24 10:21:29","IMGP4566.JPG"
180,24.2622533333,120.812781667,306.1,"2013-12-24 10:22:14","IMGP4567.JPG"
181,24.2622533333,120.812781667,306.1,"2013-12-24 10:22:59","IMGP4568.JPG"
182,24.2603783333,120.818753333,305,"2013-12-24 10:23:44","IMGP4569.JPG"
183,24.2603783333,120.818753333,305,"2013-12-24 10:24:29","IMGP4570.JPG"
184,24.2597366667,120.823343333,302.5,"2013-12-24 10:25:14","IMGP4571.JPG"
185,24.2580016667,120.82409,302.6,"2013-12-24 10:25:59","IMGP4572.JPG"
186,24.256695,120.824545,301.79,"2013-12-24 10:26:44","IMGP4573.JPG"
187,24.2546816667,120.825541667,301.9,"2013-12-24 10:27:29","IMGP4574.JPG"
188,24.2530316667,120.826416667,301.4,"2013-12-24 10:28:14","IMGP4575.JPG"
189,24.25155,120.827176667,301.9,"2013-12-24 10:28:59","IMGP4576.JPG"
190,24.2505983333,120.828173333,302,"2013-12-24 10:29:44","IMGP4577.JPG"
191,24.2505983333,120.828173333,302,"2013-12-24 10:30:29","IMGP4578.JPG"
192,24.2505983333,120.828173333,302,"2013-12-24 10:31:14","IMGP4579.JPG"
193,24.2505983333,120.828173333,302,"2013-12-24 10:31:59","IMGP4580.JPG"
194,0,0,0,"2013-12-24 10:32:44","IMGP4581.JPG"
195,24.24421,120.83284,302.9,"2013-12-24 10:33:29","IMGP4582.JPG"
196,24.24421,120.83284,302.9,"2013-12-24 10:34:14","IMGP4583.JPG"
197,24.24421,120.83284,302.9,"2013-12-24 10:34:59","IMGP4584.JPG"
198,24.24421,120.83284,302.9,"2013-12-24 10:35:44","IMGP4585.JPG"
199,24.24421,120.83284,302.9,"2013-12-24 10:36:29","IMGP4586.JPG"
200,24.24421,120.83284,302.9,"2013-12-24 10:37:14","IMGP4587.JPG"
201,24.2333783333,120.835671667,302.5,"2013-12-24 10:37:59","IMGP4588.JPG"
202,24.2333783333,120.835671667,302.5,"2013-12-24 10:38:44","IMGP4589.JPG"
203,24.2333783333,120.835671667,302.5,"2013-12-24 10:39:29","IMGP4590.JPG"
204,24.2258583333,120.837866667,302.9,"2013-12-24 10:40:14","IMGP4591.JPG"
205,24.2258583333,120.837866667,302.9,"2013-12-24 10:40:59","IMGP4592.JPG"
206,24.2258583333,120.837866667,302.9,"2013-12-24 10:41:44","IMGP4593.JPG"
207,24.2258583333,120.837866667,302.9,"2013-12-24 10:42:29","IMGP4594.JPG"
208,24.2258583333,120.837866667,302.9,"2013-12-24 10:43:14","IMGP4595.JPG"
209,24.2258583333,120.837866667,302.9,"2013-12-24 10:43:59","IMGP4596.JPG"
210,24.2258583333,120.837866667,302.9,"2013-12-24 10:44:44","IMGP4597.JPG"
211,24.2258583333,120.837866667,302.9,"2013-12-24 10:45:29","IMGP4598.JPG"
212,24.2258583333,120.837866667,302.9,"2013-12-24 10:46:14","IMGP4599.JPG"
213,24.2258583333,120.837866667,302.9,"2013-12-24 10:46:59","IMGP4600.JPG"
214,24.2258583333,120.837866667,302.9,"2013-12-24 10:47:44","IMGP4601.JPG"
215,24.2053483333,120.83928,313.29,"2013-12-24 10:48:29","IMGP4602.JPG"
216,24.2053483333,120.83928,313.29,"2013-12-24 10:49:14","IMGP4603.JPG"
217,24.20251,120.83962,313.29,"2013-12-24 10:49:59","IMGP4604.JPG"
218,24.20251,120.83962,313.29,"2013-12-24 10:50:44","IMGP4605.JPG"
219,24.1978183333,120.839545,314.5,"2013-12-24 10:51:29","IMGP4606.JPG"
220,24.1948683333,120.839415,315.1,"2013-12-24 10:52:14","IMGP4607.JPG"
221,24.1948683333,120.839415,315.1,"2013-12-24 10:52:59","IMGP4608.JPG"
222,24.1948683333,120.839415,315.1,"2013-12-24 10:53:44","IMGP4609.JPG"
223,24.1948683333,120.839415,315.1,"2013-12-24 10:54:29","IMGP4610.JPG"
224,24.1948683333,120.839415,315.1,"2013-12-24 10:55:14","IMGP4611.JPG"
225,24.1948683333,120.839415,315.1,"2013-12-24 10:55:59","IMGP4612.JPG"
226,24.1948683333,120.839415,315.1,"2013-12-24 10:56:44","IMGP4613.JPG"
227,24.1948683333,120.839415,315.1,"2013-12-24 10:57:29","IMGP4614.JPG"
228,24.1804033333,120.839116667,317,"2013-12-24 10:58:14","IMGP4615.JPG"
229,24.1804033333,120.839116667,317,"2013-12-24 10:58:59","IMGP4616.JPG"
230,24.1804033333,120.839116667,317,"2013-12-24 10:59:44","IMGP4617.JPG"
231,24.17239,120.839026667,318.79,"2013-12-24 11:00:29","IMGP4618.JPG"
232,24.17239,120.839026667,318.79,"2013-12-24 11:01:14","IMGP4619.JPG"
233,24.17239,120.839026667,318.79,"2013-12-24 11:01:59","IMGP4620.JPG"
234,24.1721483333,120.838816667,322.1,"2013-12-24 11:02:44","IMGP4621.JPG"
235,24.1721583333,120.83892,323.29,"2013-12-24 11:03:29","IMGP4622.JPG"
236,24.1721583333,120.83892,323.29,"2013-12-24 11:04:14","IMGP4623.JPG"
237,24.1718966667,120.83907,327.1,"2013-12-24 11:04:59","IMGP4624.JPG"
238,24.1718966667,120.83907,327.1,"2013-12-24 11:05:44","IMGP4625.JPG"
239,24.1718966667,120.83907,327.1,"2013-12-24 11:06:29","IMGP4626.JPG"
240,24.1718966667,120.83907,327.1,"2013-12-24 11:07:14","IMGP4627.JPG"
241,24.1718966667,120.83907,327.1,"2013-12-24 11:07:59","IMGP4628.JPG"
242,24.1718966667,120.83907,327.1,"2013-12-24 11:08:44","IMGP4629.JPG"
243,24.1718966667,120.83907,327.1,"2013-12-24 11:09:29","IMGP4630.JPG"
244,24.1718966667,120.83907,327.1,"2013-12-24 11:10:14","IMGP4631.JPG"
245,24.1718966667,120.83907,327.1,"2013-12-24 11:10:59","IMGP4632.JPG"
246,24.1718966667,120.83907,327.1,"2013-12-24 11:11:44","IMGP4633.JPG"
247,24.1718966667,120.83907,327.1,"2013-12-24 11:12:29","IMGP4634.JPG"
248,24.1718966667,120.83907,327.1,"2013-12-24 11:13:14","IMGP4635.JPG"
249,24.1718966667,120.83907,327.1,"2013-12-24 11:13:59","IMGP4636.JPG"
250,24.1718966667,120.83907,327.1,"2013-12-24 11:14:44","IMGP4637.JPG"
251,24.1628133333,120.850433333,335.7,"2013-12-24 11:15:29","IMGP4638.JPG"
252,24.1628133333,120.850433333,335.7,"2013-12-24 11:16:14","IMGP4639.JPG"
253,24.1628133333,120.850433333,335.7,"2013-12-24 11:16:59","IMGP4640.JPG"
254,24.1628133333,120.850433333,335.7,"2013-12-24 11:17:44","IMGP4641.JPG"
255,24.1607766667,120.858956667,337,"2013-12-24 11:18:29","IMGP4642.JPG"
256,24.1607766667,120.858956667,337,"2013-12-24 11:19:14","IMGP4643.JPG"
257,24.1607766667,120.858956667,337,"2013-12-24 11:19:59","IMGP4644.JPG"
258,24.163785,120.863096667,337.4,"2013-12-24 11:20:44","IMGP4645.JPG"
259,24.163785,120.863096667,337.4,"2013-12-24 11:21:29","IMGP4646.JPG"
260,24.163785,120.863096667,337.4,"2013-12-24 11:22:14","IMGP4647.JPG"
261,24.163785,120.863096667,337.4,"2013-12-24 11:22:59","IMGP4648.JPG"
262,24.163785,120.863096667,337.4,"2013-12-24 11:23:44","IMGP4649.JPG"
263,24.163785,120.863096667,337.4,"2013-12-24 11:24:29","IMGP4650.JPG"
264,24.163785,120.863096667,337.4,"2013-12-24 11:25:14","IMGP4651.JPG"
265,24.170845,120.870356667,342.3,"2013-12-24 11:25:59","IMGP4652.JPG"
266,24.1708716667,120.870231667,342.5,"2013-12-24 11:26:44","IMGP4653.JPG"
267,24.1708716667,120.870231667,342.5,"2013-12-24 11:27:29","IMGP4654.JPG"
268,24.1706616667,120.870351667,343.5,"2013-12-24 11:28:14","IMGP4655.JPG"
269,24.17094,120.87021,344.3,"2013-12-24 11:28:59","IMGP4656.JPG"
270,24.1707883333,120.87042,344.8,"2013-12-24 11:29:44","IMGP4657.JPG"
271,24.17087,120.87032,345.7,"2013-12-24 11:30:29","IMGP4658.JPG"
272,24.1708333333,120.870286667,346.5,"2013-12-24 11:31:14","IMGP4659.JPG"
273,24.170815,120.870323333,346.6,"2013-12-24 11:31:59","IMGP4660.JPG"
274,24.1708566667,120.8702,347,"2013-12-24 11:33:03","IMGP4661.JPG"
275,24.1708566667,120.8702,347,"2013-12-24 11:33:16","IMGP4662.JPG"
276,24.1705133333,120.870085,347,"2013-12-24 11:34:00","IMGP4663.JPG"
277,24.1705133333,120.870085,347,"2013-12-24 11:34:36","IMGP4664.JPG"
278,24.1705733333,120.870465,495.7,"2013-12-24 12:25:13","IMGP4665.JPG"
279,24.1705733333,120.870465,495.7,"2013-12-24 12:25:29","IMGP4666.JPG"
280,24.1705733333,120.870465,495.7,"2013-12-24 12:25:38","IMGP4667.JPG"
281,24.1705733333,120.870465,495.7,"2013-12-24 12:25:45","IMGP4668.JPG"
282,24.170365,120.87044,538.59,"2013-12-24 12:26:19","IMGP4669.JPG"
283,24.1704133333,120.870371667,537.8,"2013-12-24 12:27:17","IMGP4670.JPG"
284,24.1704133333,120.870371667,537.8,"2013-12-24 12:27:25","IMGP4671.JPG"
285,24.17038,120.870448333,537.2,"2013-12-24 12:27:56","IMGP4672.JPG"
286,24.17038,120.870448333,537.2,"2013-12-24 12:28:20","IMGP4673.JPG"
287,24.17038,120.870448333,537.2,"2013-12-24 12:28:35","IMGP4674.JPG"
288,24.17042,120.870485,537,"2013-12-24 12:29:42","IMGP4675.JPG"
289,24.17042,120.870485,537,"2013-12-24 12:29:46","IMGP4676.JPG"
290,24.17046,120.870483333,536.5,"2013-12-24 12:30:02","IMGP4677.JPG"
291,24.17046,120.870483333,536.5,"2013-12-24 12:30:46","IMGP4678.JPG"
292,24.1704233333,120.87056,536.09,"2013-12-24 12:32:38","IMGP4679.JPG"
293,24.1704133333,120.870418333,537.5,"2013-12-24 12:53:58","IMGP4680.JPG"
294,24.1704133333,120.870418333,537.5,"2013-12-24 12:54:43","IMGP4681.JPG"
295,24.1704133333,120.870418333,537.5,"2013-12-24 12:55:28","IMGP4682.JPG"
296,24.1704133333,120.870418333,537.5,"2013-12-24 12:56:13","IMGP4683.JPG"
297,24.1704133333,120.870418333,537.5,"2013-12-24 12:56:58","IMGP4684.JPG"
298,24.1704133333,120.870418333,537.5,"2013-12-24 12:57:43","IMGP4685.JPG"
299,24.1704133333,120.870418333,537.5,"2013-12-24 12:58:28","IMGP4686.JPG"
300,24.1704133333,120.870418333,537.5,"2013-12-24 12:59:13","IMGP4687.JPG"
301,24.1704133333,120.870418333,537.5,"2013-12-24 12:59:58","IMGP4688.JPG"
302,24.1704133333,120.870418333,537.5,"2013-12-24 13:00:43","IMGP4689.JPG"
303,24.1703033333,120.870255,539.09,"2013-12-24 13:01:28","IMGP4690.JPG"
304,24.1703033333,120.870255,539.09,"2013-12-24 13:02:13","IMGP4691.JPG"
305,24.1703033333,120.870255,539.09,"2013-12-24 13:02:58","IMGP4692.JPG"
306,24.1703033333,120.870255,539.09,"2013-12-24 13:03:43","IMGP4693.JPG"
307,24.169015,120.868226667,543.3,"2013-12-24 13:04:28","IMGP4694.JPG"
308,24.169015,120.868226667,543.3,"2013-12-24 13:05:13","IMGP4695.JPG"
309,24.169015,120.868226667,543.3,"2013-12-24 13:05:58","IMGP4696.JPG"
310,24.169015,120.868226667,543.3,"2013-12-24 13:06:43","IMGP4697.JPG"
311,24.16117,120.860671667,540.5,"2013-12-24 13:07:28","IMGP4698.JPG"
312,24.159745,120.862711667,540.09,"2013-12-24 13:08:13","IMGP4699.JPG"
313,24.159745,120.862711667,540.09,"2013-12-24 13:08:58","IMGP4700.JPG"
314,24.159745,120.862711667,540.09,"2013-12-24 13:09:43","IMGP4701.JPG"
315,24.1586283333,120.865066667,541.8,"2013-12-24 13:10:28","IMGP4702.JPG"
316,24.1587216667,120.866306667,542.59,"2013-12-24 13:11:13","IMGP4703.JPG"
317,24.1587216667,120.866306667,542.59,"2013-12-24 13:11:58","IMGP4704.JPG"
318,24.1587216667,120.866306667,542.59,"2013-12-24 13:12:43","IMGP4705.JPG"
319,24.1587216667,120.866306667,542.59,"2013-12-24 13:13:28","IMGP4706.JPG"
320,24.1587216667,120.866306667,542.59,"2013-12-24 13:14:13","IMGP4707.JPG"
321,24.1573533333,120.870933333,543.7,"2013-12-24 13:14:58","IMGP4708.JPG"
322,24.1567616667,120.87158,543.2,"2013-12-24 13:15:43","IMGP4709.JPG"
323,24.1567616667,120.87158,543.2,"2013-12-24 13:16:28","IMGP4710.JPG"
324,24.155585,120.872335,543.7,"2013-12-24 13:17:13","IMGP4711.JPG"
325,24.1550966667,120.872215,586.09,"2013-12-24 13:17:58","IMGP4712.JPG"
326,24.154775,120.871408333,551,"2013-12-24 13:18:43","IMGP4713.JPG"
327,24.1541483333,120.870625,551.7,"2013-12-24 13:19:28","IMGP4714.JPG"
328,24.1541483333,120.870625,551.7,"2013-12-24 13:20:13","IMGP4715.JPG"
329,24.153015,120.869728333,552.3,"2013-12-24 13:20:58","IMGP4716.JPG"
330,24.153015,120.869728333,552.3,"2013-12-24 13:21:43","IMGP4717.JPG"
331,24.153015,120.869728333,552.3,"2013-12-24 13:22:28","IMGP4718.JPG"
332,24.150845,120.869771667,554.8,"2013-12-24 13:23:13","IMGP4719.JPG"
333,24.150845,120.869771667,554.8,"2013-12-24 13:23:58","IMGP4720.JPG"
334,24.150845,120.869771667,554.8,"2013-12-24 13:24:43","IMGP4721.JPG"
335,24.150845,120.869771667,554.8,"2013-12-24 13:25:28","IMGP4722.JPG"
336,24.15009,120.868988333,558.2,"2013-12-24 13:26:13","IMGP4723.JPG"
337,24.15009,120.868988333,558.2,"2013-12-24 13:26:58","IMGP4724.JPG"
338,24.15009,120.868988333,558.2,"2013-12-24 13:27:43","IMGP4725.JPG"
339,24.15009,120.868988333,558.2,"2013-12-24 13:28:28","IMGP4726.JPG"
340,24.15009,120.868988333,558.2,"2013-12-24 13:29:13","IMGP4727.JPG"
341,24.15009,120.868988333,558.2,"2013-12-24 13:29:58","IMGP4728.JPG"
342,24.15009,120.868988333,558.2,"2013-12-24 13:30:43","IMGP4729.JPG"
343,24.15009,120.868988333,558.2,"2013-12-24 13:31:28","IMGP4730.JPG"
344,24.15009,120.868988333,558.2,"2013-12-24 13:32:13","IMGP4731.JPG"
345,24.15009,120.868988333,558.2,"2013-12-24 13:32:58","IMGP4732.JPG"
346,24.15009,120.868988333,558.2,"2013-12-24 13:33:43","IMGP4733.JPG"
347,24.15009,120.868988333,558.2,"2013-12-24 13:34:28","IMGP4734.JPG"
348,24.144365,120.869543333,571.4,"2013-12-24 13:35:13","IMGP4735.JPG"
349,24.144365,120.869543333,571.4,"2013-12-24 13:35:58","IMGP4736.JPG"
350,24.144365,120.869543333,571.4,"2013-12-24 13:36:43","IMGP4737.JPG"
351,24.14788,120.872131667,573.2,"2013-12-24 13:37:28","IMGP4738.JPG"
352,24.1497333333,120.871841667,573.09,"2013-12-24 13:38:13","IMGP4739.JPG"
353,24.1497333333,120.871841667,573.09,"2013-12-24 13:38:58","IMGP4740.JPG"
354,24.1519,120.873931667,573.7,"2013-12-24 13:39:43","IMGP4741.JPG"
355,24.1527083333,120.873576667,574.5,"2013-12-24 13:40:28","IMGP4742.JPG"
356,24.1529066667,120.874096667,575.59,"2013-12-24 13:41:13","IMGP4743.JPG"
357,24.1534433333,120.8746,575.4,"2013-12-24 13:41:58","IMGP4744.JPG"
358,24.1537216667,120.875496667,576.9,"2013-12-24 13:42:43","IMGP4745.JPG"
359,24.15413,120.876418333,577.3,"2013-12-24 13:43:28","IMGP4746.JPG"
360,24.15413,120.876418333,577.3,"2013-12-24 13:44:13","IMGP4747.JPG"
361,24.15413,120.876418333,577.3,"2013-12-24 13:44:58","IMGP4748.JPG"
362,24.15413,120.876418333,577.3,"2013-12-24 13:45:43","IMGP4749.JPG"
363,24.15413,120.876418333,577.3,"2013-12-24 13:46:28","IMGP4750.JPG"
364,24.1535933333,120.876808333,580.7,"2013-12-24 13:47:13","IMGP4751.JPG"
365,24.1535933333,120.876808333,580.7,"2013-12-24 13:47:58","IMGP4752.JPG"
366,24.1535933333,120.876808333,580.7,"2013-12-24 13:48:43","IMGP4753.JPG"
367,24.151475,120.875835,583.7,"2013-12-24 13:49:28","IMGP4754.JPG"
368,24.1514466667,120.875705,584,"2013-12-24 13:50:13","IMGP4755.JPG"
369,24.1515533333,120.875716667,584.09,"2013-12-24 13:50:58","IMGP4756.JPG"
370,24.1515083333,120.875686667,584,"2013-12-24 13:51:43","IMGP4757.JPG"
371,24.1515333333,120.875611667,584.3,"2013-12-24 13:52:28","IMGP4758.JPG"
372,24.15154,120.875586667,584.59,"2013-12-24 13:53:13","IMGP4759.JPG"
373,24.1515916667,120.875565,584.59,"2013-12-24 13:53:58","IMGP4760.JPG"
374,24.151525,120.87553,584.8,"2013-12-24 13:54:43","IMGP4761.JPG"
375,24.151375,120.875581667,584.9,"2013-12-24 13:55:28","IMGP4762.JPG"
376,24.150625,120.875275,585.2,"2013-12-24 13:56:13","IMGP4763.JPG"
377,24.1495183333,120.87552,586.09,"2013-12-24 13:56:58","IMGP4764.JPG"
378,24.14883,120.875745,586.3,"2013-12-24 13:57:43","IMGP4765.JPG"
379,24.14821,120.875915,586.9,"2013-12-24 13:58:28","IMGP4766.JPG"
380,24.14821,120.875915,586.9,"2013-12-24 13:59:13","IMGP4767.JPG"
381,24.14676,120.875378333,588.3,"2013-12-24 13:59:58","IMGP4768.JPG"
382,24.14632,120.8756,588.2,"2013-12-24 14:00:43","IMGP4769.JPG"
383,24.1455466667,120.875493333,587.8,"2013-12-24 14:01:28","IMGP4770.JPG"
384,24.1451183333,120.875736667,588.09,"2013-12-24 14:02:13","IMGP4771.JPG"
385,24.1441533333,120.875815,589,"2013-12-24 14:02:58","IMGP4772.JPG"
386,24.1441533333,120.875815,589,"2013-12-24 14:03:43","IMGP4773.JPG"
387,24.1429366667,120.874986667,589.8,"2013-12-24 14:04:28","IMGP4774.JPG"
388,24.14229,120.875043333,590.59,"2013-12-24 14:05:13","IMGP4775.JPG"
389,24.1419016667,120.874798333,591.4,"2013-12-24 14:05:58","IMGP4776.JPG"
390,24.141835,120.875188333,591.4,"2013-12-24 14:06:43","IMGP4777.JPG"
391,24.141835,120.875188333,591.4,"2013-12-24 14:07:28","IMGP4778.JPG"
392,24.141835,120.875188333,591.4,"2013-12-24 14:08:13","IMGP4779.JPG"
393,24.1398416667,120.875818333,593.4,"2013-12-24 14:08:58","IMGP4780.JPG"
394,24.1398416667,120.875818333,593.4,"2013-12-24 14:09:43","IMGP4781.JPG"
395,24.1402983333,120.876576667,593.8,"2013-12-24 14:10:28","IMGP4782.JPG"
396,24.1402983333,120.876576667,593.8,"2013-12-24 14:11:13","IMGP4783.JPG"
397,24.14067,120.876596667,594.9,"2013-12-24 14:11:58","IMGP4784.JPG"
398,24.1369583333,120.874735,596.4,"2013-12-24 14:12:43","IMGP4785.JPG"
399,24.1360416667,120.87418,597.2,"2013-12-24 14:13:28","IMGP4786.JPG"
400,24.1348966667,120.873436667,596.09,"2013-12-24 14:14:13","IMGP4787.JPG"
401,24.1348966667,120.873436667,596.09,"2013-12-24 14:14:58","IMGP4788.JPG"
402,24.1348966667,120.873436667,596.09,"2013-12-24 14:15:43","IMGP4789.JPG"
403,24.1298133333,120.875426667,590.3,"2013-12-24 14:16:28","IMGP4790.JPG"
404,24.1308233333,120.877085,587.9,"2013-12-24 14:17:13","IMGP4791.JPG"
405,24.1308233333,120.877085,587.9,"2013-12-24 14:17:58","IMGP4792.JPG"
406,24.1307016667,120.879198333,586.09,"2013-12-24 14:18:43","IMGP4793.JPG"
407,24.1307016667,120.879198333,586.09,"2013-12-24 14:19:28","IMGP4794.JPG"
408,24.1307016667,120.879198333,586.09,"2013-12-24 14:20:13","IMGP4795.JPG"
409,24.1307016667,120.879198333,586.09,"2013-12-24 14:20:58","IMGP4796.JPG"
410,24.1264133333,120.878006667,587.9,"2013-12-24 14:21:43","IMGP4797.JPG"
411,24.1264133333,120.878006667,587.9,"2013-12-24 14:22:28","IMGP4798.JPG"
412,24.1264133333,120.878006667,587.9,"2013-12-24 14:23:13","IMGP4799.JPG"
413,24.1241166667,120.884135,582.9,"2013-12-24 14:23:58","IMGP4800.JPG"
414,24.1232966667,120.885996667,582.5,"2013-12-24 14:24:43","IMGP4801.JPG"
415,24.1205216667,120.888753333,581.7,"2013-12-24 14:25:28","IMGP4802.JPG"
416,24.1182716667,120.890806667,581.59,"2013-12-24 14:26:13","IMGP4803.JPG"
417,24.117375,120.890391667,580.09,"2013-12-24 14:26:58","IMGP4804.JPG"
418,24.117375,120.890391667,580.09,"2013-12-24 14:27:43","IMGP4805.JPG"
419,24.117375,120.890391667,580.09,"2013-12-24 14:28:28","IMGP4806.JPG"
420,24.117375,120.890391667,580.09,"2013-12-24 14:29:13","IMGP4807.JPG"
421,24.117375,120.890391667,580.09,"2013-12-24 14:29:58","IMGP4808.JPG"
422,24.117375,120.890391667,580.09,"2013-12-24 14:30:43","IMGP4809.JPG"
423,24.117375,120.890391667,580.09,"2013-12-24 14:31:28","IMGP4810.JPG"
424,24.0986516667,120.889311667,578.59,"2013-12-24 14:32:13","IMGP4811.JPG"
425,24.0986516667,120.889311667,578.59,"2013-12-24 14:32:58","IMGP4812.JPG"
426,24.0975083333,120.88848,574.3,"2013-12-24 14:33:43","IMGP4813.JPG"
427,24.0975083333,120.88848,574.3,"2013-12-24 14:34:28","IMGP4814.JPG"
428,24.0975083333,120.88848,574.3,"2013-12-24 14:35:13","IMGP4815.JPG"
429,24.0960983333,120.888065,568.9,"2013-12-24 14:35:58","IMGP4816.JPG"
430,24.0962916667,120.888175,565.5,"2013-12-24 14:36:43","IMGP4817.JPG"
431,24.0963133333,120.888366667,564.2,"2013-12-24 14:37:28","IMGP4818.JPG"
432,24.0962266667,120.887845,562.09,"2013-12-24 14:38:13","IMGP4819.JPG"
433,24.096405,120.888021667,541.8,"2013-12-24 14:38:58","IMGP4820.JPG"
434,24.096405,120.888021667,541.8,"2013-12-24 14:39:43","IMGP4821.JPG"
435,24.0963766667,120.888516667,556.7,"2013-12-24 14:40:28","IMGP4822.JPG"
436,24.0963766667,120.888516667,556.7,"2013-12-24 14:41:13","IMGP4823.JPG"
437,24.0964683333,120.888025,552.3,"2013-12-24 14:41:58","IMGP4824.JPG"
438,24.0964683333,120.888025,552.3,"2013-12-24 14:42:43","IMGP4825.JPG"
439,24.0951533333,120.888196667,549,"2013-12-24 14:43:28","IMGP4826.JPG"
440,24.092485,120.887231667,548.4,"2013-12-24 14:44:13","IMGP4827.JPG"
441,24.092485,120.887231667,548.4,"2013-12-24 14:44:58","IMGP4828.JPG"
442,24.0851866667,120.884623333,544.4,"2013-12-24 14:45:43","IMGP4829.JPG"
443,24.0824066667,120.883416667,544.5,"2013-12-24 14:46:28","IMGP4830.JPG"
444,24.0810916667,120.882075,542.9,"2013-12-24 14:47:13","IMGP4831.JPG"
445,24.0810916667,120.882075,542.9,"2013-12-24 14:47:58","IMGP4832.JPG"
446,24.0782566667,120.877443333,539.7,"2013-12-24 14:48:43","IMGP4833.JPG"
447,24.0782566667,120.877443333,539.7,"2013-12-24 14:49:28","IMGP4834.JPG"
448,24.0782566667,120.877443333,539.7,"2013-12-24 14:50:13","IMGP4835.JPG"
449,24.0712383333,120.876555,537.5,"2013-12-24 14:50:58","IMGP4836.JPG"
450,24.0686683333,120.876215,536.59,"2013-12-24 14:51:43","IMGP4837.JPG"
451,24.0679016667,120.876565,536,"2013-12-24 14:52:28","IMGP4838.JPG"
452,24.0666766667,120.876765,535.59,"2013-12-24 14:53:13","IMGP4839.JPG"
453,24.0653416667,120.877018333,535.4,"2013-12-24 14:53:58","IMGP4840.JPG"
454,24.06462,120.87729,535.09,"2013-12-24 14:54:43","IMGP4841.JPG"
455,24.0643566667,120.877011667,531.59,"2013-12-24 14:55:28","IMGP4842.JPG"
456,24.0643016667,120.87711,531.2,"2013-12-24 14:56:13","IMGP4843.JPG"
457,24.064755,120.877118333,530.4,"2013-12-24 14:56:58","IMGP4844.JPG"
458,24.0643216667,120.876585,528.7,"2013-12-24 14:57:43","IMGP4845.JPG"
459,24.0642966667,120.876978333,528.3,"2013-12-24 14:58:28","IMGP4846.JPG"
460,24.0642733333,120.877018333,528.2,"2013-12-24 14:59:13","IMGP4847.JPG"
461,24.0643383333,120.876941667,528,"2013-12-24 14:59:58","IMGP4848.JPG"
462,24.06507,120.876868333,526.9,"2013-12-24 15:01:37","IMGP4849.JPG"
463,24.06507,120.876868333,526.9,"2013-12-24 15:02:13","IMGP4850.JPG"
464,24.06507,120.876868333,526.9,"2013-12-24 15:02:58","IMGP4851.JPG"
465,24.06453,120.87631,525.09,"2013-12-24 15:03:22","IMGP4852.JPG"
466,24.06453,120.87631,525.09,"2013-12-24 15:03:58","IMGP4853.JPG"
467,24.0642283333,120.876005,521.59,"2013-12-24 15:09:54","IMGP4854.JPG"
468,24.064255,120.876055,519.9,"2013-12-24 15:10:39","IMGP4855.JPG"
469,24.06429,120.876398333,519,"2013-12-24 15:11:24","IMGP4856.JPG"
470,24.06422,120.876408333,518.8,"2013-12-24 15:12:09","IMGP4857.JPG"
471,24.06461,120.876441667,518.3,"2013-12-24 15:12:54","IMGP4858.JPG"
472,24.0650716667,120.876743333,517.8,"2013-12-24 15:13:39","IMGP4859.JPG"
473,24.0653533333,120.87663,517,"2013-12-24 15:14:24","IMGP4860.JPG"
474,24.06564,120.876956667,515.59,"2013-12-24 15:15:09","IMGP4861.JPG"
475,24.0656366667,120.876761667,514.9,"2013-12-24 15:15:54","IMGP4862.JPG"
476,24.0656366667,120.876761667,514.9,"2013-12-24 15:16:39","IMGP4863.JPG"
477,24.0647716667,120.876446667,512.3,"2013-12-24 15:17:24","IMGP4864.JPG"
478,24.0640116667,120.876348333,511.7,"2013-12-24 15:18:09","IMGP4865.JPG"
479,24.0633716667,120.87668,511.5,"2013-12-24 15:18:54","IMGP4866.JPG"
480,24.0626766667,120.876966667,511.5,"2013-12-24 15:19:39","IMGP4867.JPG"
481,24.062165,120.877646667,511.1,"2013-12-24 15:20:24","IMGP4868.JPG"
482,24.06175,120.878445,511.1,"2013-12-24 15:21:09","IMGP4869.JPG"
483,24.06137,120.879155,510.3,"2013-12-24 15:21:54","IMGP4870.JPG"
484,24.0606183333,120.879745,510.3,"2013-12-24 15:22:39","IMGP4871.JPG"
485,24.0598283333,120.879643333,509.7,"2013-12-24 15:23:24","IMGP4872.JPG"
486,24.05911,120.879561667,509.2,"2013-12-24 15:24:09","IMGP4873.JPG"
487,24.0580466667,120.879198333,508.9,"2013-12-24 15:24:54","IMGP4874.JPG"
488,24.0590233333,120.882843333,507.3,"2013-12-24 15:25:39","IMGP4875.JPG"
489,24.0590233333,120.882843333,507.3,"2013-12-24 15:26:24","IMGP4876.JPG"
490,24.0618433333,120.885811667,504.6,"2013-12-24 15:27:09","IMGP4877.JPG"
491,24.061465,120.888628333,503.8,"2013-12-24 15:27:54","IMGP4878.JPG"
492,24.06175,120.893996667,500.2,"2013-12-24 15:28:39","IMGP4879.JPG"
493,24.061165,120.895363333,498.9,"2013-12-24 15:29:24","IMGP4880.JPG"
494,24.0606883333,120.897705,499.3,"2013-12-24 15:30:09","IMGP4881.JPG"
495,24.059905,120.90158,499.2,"2013-12-24 15:30:54","IMGP4882.JPG"
496,24.0584233333,120.904843333,496.8,"2013-12-24 15:31:39","IMGP4883.JPG"
497,24.0584233333,120.904843333,496.8,"2013-12-24 15:32:24","IMGP4884.JPG"
498,24.0578716667,120.90875,496.3,"2013-12-24 15:33:09","IMGP4885.JPG"
499,24.0583666667,120.912261667,494,"2013-12-24 15:33:54","IMGP4886.JPG"
500,24.0585916667,120.914591667,492.3,"2013-12-24 15:34:39","IMGP4887.JPG"
501,24.0583483333,120.916096667,490.6,"2013-12-24 15:35:24","IMGP4888.JPG"
502,24.0583916667,120.91798,490.1,"2013-12-24 15:36:09","IMGP4889.JPG"
503,24.0582,120.920093333,489.5,"2013-12-24 15:36:54","IMGP4890.JPG"
504,24.0583166667,120.922201667,488.4,"2013-12-24 15:37:39","IMGP4891.JPG"
505,24.0581783333,120.923825,487.2,"2013-12-24 15:38:24","IMGP4892.JPG"
506,24.0595883333,120.927851667,485.5,"2013-12-24 15:39:09","IMGP4893.JPG"
507,24.0593866667,120.929521667,484.9,"2013-12-24 15:39:54","IMGP4894.JPG"
508,24.0591466667,120.931528333,482.9,"2013-12-24 15:40:39","IMGP4895.JPG"
509,24.0590516667,120.933478333,481.5,"2013-12-24 15:41:24","IMGP4896.JPG"
510,24.0590516667,120.933478333,481.5,"2013-12-24 15:42:09","IMGP4897.JPG"
511,24.0589933333,120.9369,478.2,"2013-12-24 15:42:54","IMGP4898.JPG"
512,24.0587833333,120.93699,477.6,"2013-12-24 15:43:39","IMGP4899.JPG"
513,24.0583916667,120.936238333,477.5,"2013-12-24 15:44:24","IMGP4900.JPG"
514,24.057995,120.93514,477.1,"2013-12-24 15:45:09","IMGP4901.JPG"
515,24.0573766667,120.934801667,476.7,"2013-12-24 15:45:54","IMGP4902.JPG"
516,24.0572533333,120.935376667,476,"2013-12-24 15:46:39","IMGP4903.JPG"
517,24.056955,120.935506667,475.5,"2013-12-24 15:47:24","IMGP4904.JPG"
518,24.0566366667,120.935116667,473.9,"2013-12-24 15:48:09","IMGP4905.JPG"
519,24.0566366667,120.935116667,473.9,"2013-12-24 15:48:54","IMGP4906.JPG"
520,24.0566366667,120.935116667,473.9,"2013-12-24 15:49:39","IMGP4907.JPG"
521,24.0556416667,120.934328333,473,"2013-12-24 15:50:24","IMGP4908.JPG"
522,24.0556416667,120.934328333,473,"2013-12-24 15:51:09","IMGP4909.JPG"
523,24.0556416667,120.934328333,473,"2013-12-24 15:51:54","IMGP4910.JPG"
524,24.0553333333,120.933871667,472.2,"2013-12-24 15:52:39","IMGP4911.JPG"
525,24.0553133333,120.933845,471.8,"2013-12-24 15:53:24","IMGP4912.JPG"
526,24.0553133333,120.933845,471.8,"2013-12-24 15:54:09","IMGP4913.JPG"
527,24.0552916667,120.933871667,470.8,"2013-12-24 15:54:54","IMGP4914.JPG"
528,24.0553283333,120.933855,470.3,"2013-12-24 15:55:39","IMGP4915.JPG"
529,24.055335,120.933866667,469.9,"2013-12-24 15:56:24","IMGP4916.JPG"
530,24.0553716667,120.933903333,469.5,"2013-12-24 15:57:09","IMGP4917.JPG"
531,24.0550883333,120.933843333,469.3,"2013-12-24 15:57:54","IMGP4918.JPG"
532,24.0550883333,120.933843333,469.3,"2013-12-24 15:58:39","IMGP4919.JPG"
533,24.05389,120.93433,469,"2013-12-24 15:59:24","IMGP4920.JPG"
534,24.05389,120.93433,469,"2013-12-24 16:00:09","IMGP4921.JPG"
535,24.0522483333,120.934473333,468.2,"2013-12-24 16:00:54","IMGP4922.JPG"
536,24.0512766667,120.934575,469.7,"2013-12-24 16:01:39","IMGP4923.JPG"
537,24.05081,120.93506,470.4,"2013-12-24 16:02:24","IMGP4924.JPG"
538,24.0502783333,120.934833333,469.3,"2013-12-24 16:03:09","IMGP4925.JPG"
539,24.0501116667,120.935501667,468.8,"2013-12-24 16:03:54","IMGP4926.JPG"
540,24.050035,120.935771667,469.3,"2013-12-24 16:04:39","IMGP4927.JPG"
541,24.050035,120.935771667,469.3,"2013-12-24 16:05:24","IMGP4928.JPG"
542,24.0496483333,120.935701667,469.7,"2013-12-24 16:06:09","IMGP4929.JPG"
543,24.04962,120.935723333,469.6,"2013-12-24 16:06:54","IMGP4930.JPG"
544,24.04962,120.935723333,469.6,"2013-12-24 16:07:39","IMGP4931.JPG"
545,24.0495416667,120.935661667,469.3,"2013-12-24 16:08:24","IMGP4932.JPG"
546,24.0495083333,120.935535,469.4,"2013-12-24 16:09:09","IMGP4933.JPG"
547,24.0496933333,120.934481667,469.4,"2013-12-24 16:09:54","IMGP4934.JPG"
548,24.0496933333,120.934481667,469.4,"2013-12-24 16:10:39","IMGP4935.JPG"
549,24.0496933333,120.934481667,469.4,"2013-12-24 16:11:24","IMGP4936.JPG"
550,24.049375,120.933055,472.8,"2013-12-24 16:12:09","IMGP4937.JPG"
551,24.04881,120.933301667,473.4,"2013-12-24 16:12:54","IMGP4938.JPG"
552,24.048305,120.933825,473.6,"2013-12-24 16:13:39","IMGP4939.JPG"
553,24.048305,120.933825,473.6,"2013-12-24 16:14:24","IMGP4940.JPG"
554,24.04804,120.935818333,475.6,"2013-12-24 16:15:09","IMGP4941.JPG"
555,24.0475733333,120.935235,475.3,"2013-12-24 16:15:54","IMGP4942.JPG"
556,24.04719,120.934595,476,"2013-12-24 16:16:39","IMGP4943.JPG"
557,24.0467916667,120.934438333,476.1,"2013-12-24 16:17:24","IMGP4944.JPG"
558,24.0473133333,120.935885,476.9,"2013-12-24 16:18:09","IMGP4945.JPG"
559,24.0475716667,120.936478333,477.5,"2013-12-24 16:18:54","IMGP4946.JPG"
560,24.0472216667,120.936836667,477.5,"2013-12-24 16:19:39","IMGP4947.JPG"
561,24.0465983333,120.937341667,476.8,"2013-12-24 16:20:24","IMGP4948.JPG"
562,24.046555,120.936926667,477.3,"2013-12-24 16:21:09","IMGP4949.JPG"
563,24.046565,120.936366667,477.2,"2013-12-24 16:21:54","IMGP4950.JPG"
564,24.04609,120.935186667,477.6,"2013-12-24 16:22:39","IMGP4951.JPG"
565,24.04609,120.935186667,477.6,"2013-12-24 16:23:24","IMGP4952.JPG"
566,24.045995,120.936813333,476.6,"2013-12-24 16:24:09","IMGP4953.JPG"
567,24.04565,120.936056667,477.2,"2013-12-24 16:24:54","IMGP4954.JPG"
568,24.04534,120.935221667,477.5,"2013-12-24 16:25:39","IMGP4955.JPG"
569,24.045415,120.934276667,476.9,"2013-12-24 16:26:24","IMGP4956.JPG"
570,24.0459216667,120.933435,476,"2013-12-24 16:27:09","IMGP4957.JPG"
571,24.0468033333,120.932585,475.1,"2013-12-24 16:27:54","IMGP4958.JPG"
572,24.04687,120.931538333,475.4,"2013-12-24 16:28:39","IMGP4959.JPG"
573,24.04687,120.931538333,475.4,"2013-12-24 16:29:24","IMGP4960.JPG"
574,24.04687,120.931538333,475.4,"2013-12-24 16:30:09","IMGP4961.JPG"
575,24.04687,120.931538333,475.4,"2013-12-24 16:30:54","IMGP4962.JPG"
576,24.04687,120.931538333,475.4,"2013-12-24 16:31:39","IMGP4963.JPG"
577,24.04687,120.931538333,475.4,"2013-12-24 16:32:24","IMGP4964.JPG"
578,24.04687,120.931538333,475.4,"2013-12-24 16:33:09","IMGP4965.JPG"
579,24.04687,120.931538333,475.4,"2013-12-24 16:33:54","IMGP4966.JPG"
580,24.04687,120.931538333,475.4,"2013-12-24 16:34:39","IMGP4967.JPG"
581,24.036485,120.925245,539.59,"2013-12-24 16:35:24","IMGP4968.JPG"
582,24.0365416667,120.925188333,539.7,"2013-12-24 16:36:09","IMGP4969.JPG"
583,24.0365416667,120.925188333,539.7,"2013-12-24 16:36:54","IMGP4970.JPG"
584,24.0371233333,120.924141667,541,"2013-12-24 16:37:39","IMGP4971.JPG"
585,24.0371233333,120.924141667,541,"2013-12-24 16:38:24","IMGP4972.JPG"
586,24.0371233333,120.924141667,541,"2013-12-24 16:39:09","IMGP4973.JPG"
587,24.0365566667,120.925121667,542,"2013-12-24 16:39:54","IMGP4974.JPG"
588,24.0365566667,120.925121667,542,"2013-12-24 16:40:39","IMGP4975.JPG"
589,24.0364033333,120.925028333,542.09,"2013-12-24 16:41:24","IMGP4976.JPG"
590,24.0364033333,120.925028333,542.09,"2013-12-24 16:42:09","IMGP4977.JPG"
591,24.0369283333,120.92379,542.5,"2013-12-24 16:42:54","IMGP4978.JPG"
592,24.036955,120.923601667,542.59,"2013-12-24 16:43:39","IMGP4979.JPG"
593,24.0368266667,120.923596667,542.7,"2013-12-24 16:44:24","IMGP4980.JPG"
594,24.03684,120.924055,543.3,"2013-12-24 16:45:09","IMGP4981.JPG"
595,24.036975,120.923286667,543.2,"2013-12-24 16:45:54","IMGP4982.JPG"
596,24.03694,120.924501667,543.59,"2013-12-24 16:46:39","IMGP4983.JPG"
597,24.03694,120.924501667,543.59,"2013-12-24 16:47:24","IMGP4984.JPG"
598,24.0368066667,120.924551667,554.9,"2013-12-24 16:48:09","IMGP4985.JPG"
599,24.0362066667,120.924475,545,"2013-12-24 16:48:54","IMGP4986.JPG"
600,24.03192,120.926865,544.9,"2013-12-24 16:49:39","IMGP4987.JPG"
601,24.03192,120.926865,544.9,"2013-12-24 16:50:24","IMGP4988.JPG"
602,24.0289933333,120.931378333,544.09,"2013-12-24 16:51:09","IMGP4989.JPG"
603,24.0259216667,120.935431667,541.59,"2013-12-24 16:51:54","IMGP4990.JPG"
604,24.0265916667,120.937965,541.3,"2013-12-24 16:52:39","IMGP4991.JPG"
605,24.0275533333,120.94207,539.59,"2013-12-24 16:53:24","IMGP4992.JPG"
606,24.0263516667,120.945281667,538.4,"2013-12-24 16:54:09","IMGP4993.JPG"
607,24.0263516667,120.945281667,538.4,"2013-12-24 16:54:54","IMGP4994.JPG"
608,24.02297,120.951205,536.4,"2013-12-24 16:55:39","IMGP4995.JPG"
609,24.0206433333,120.951536667,535.9,"2013-12-24 16:56:24","IMGP4996.JPG"
610,24.0180533333,120.952731667,536.2,"2013-12-24 16:57:09","IMGP4997.JPG"
611,24.0137366667,120.953656667,536.3,"2013-12-24 16:57:54","IMGP4998.JPG"
612,24.011305,120.954731667,536.2,"2013-12-24 16:58:39","IMGP4999.JPG"
613,24.0080733333,120.956176667,535.59,"2013-12-24 16:59:24","IMGP5000.JPG"
614,24.0057,120.957821667,533.5,"2013-12-24 17:00:09","IMGP5001.JPG"
615,24.003765,120.960128333,534.3,"2013-12-24 17:00:54","IMGP5002.JPG"
616,24.0023683333,120.962146667,534.4,"2013-12-24 17:01:39","IMGP5003.JPG"
617,24.0023683333,120.962146667,534.4,"2013-12-24 17:02:24","IMGP5004.JPG"
618,24.0023683333,120.962146667,534.4,"2013-12-24 17:03:09","IMGP5005.JPG"
619,23.9980566667,120.967551667,530.4,"2013-12-24 17:03:54","IMGP5006.JPG"
620,23.9969133333,120.969188333,528.8,"2013-12-24 17:04:39","IMGP5007.JPG"
621,23.9956016667,120.970798333,527,"2013-12-24 17:05:24","IMGP5008.JPG"
622,23.9942783333,120.972433333,525.3,"2013-12-24 17:06:09","IMGP5009.JPG"
623,23.993205,120.974001667,525.09,"2013-12-24 17:06:54","IMGP5010.JPG"
624,23.993205,120.974001667,525.09,"2013-12-24 17:07:39","IMGP5011.JPG"
625,23.990975,120.974438333,522.4,"2013-12-24 17:08:24","IMGP5012.JPG"
626,23.988245,120.973765,520.5,"2013-12-24 17:09:09","IMGP5013.JPG"
627,23.988245,120.973765,520.5,"2013-12-24 17:09:54","IMGP5014.JPG"
628,23.9839033333,120.972255,517.9,"2013-12-24 17:10:39","IMGP5015.JPG"
629,23.982565,120.971715,518,"2013-12-24 17:11:24","IMGP5016.JPG"
630,23.982565,120.971715,518,"2013-12-24 17:12:09","IMGP5017.JPG"
631,23.982565,120.971715,518,"2013-12-24 17:12:54","IMGP5018.JPG"
632,23.982565,120.971715,518,"2013-12-24 17:13:39","IMGP5019.JPG"
633,23.974295,120.969855,516.4,"2013-12-24 17:14:24","IMGP5020.JPG"
634,23.973805,120.968656667,515.5,"2013-12-24 17:15:09","IMGP5021.JPG"
635,23.9734133333,120.965985,512.5,"2013-12-24 17:15:54","IMGP5022.JPG"
636,23.9734133333,120.965985,512.5,"2013-12-24 17:16:39","IMGP5023.JPG"
637,23.9723666667,120.960838333,509.3,"2013-12-24 17:17:24","IMGP5024.JPG"
638,23.97163,120.958636667,510,"2013-12-24 17:18:09","IMGP5025.JPG"
639,23.97163,120.958636667,510,"2013-12-24 17:18:54","IMGP5026.JPG"
640,23.97006,120.953145,507.7,"2013-12-24 17:19:39","IMGP5027.JPG"
641,23.970445,120.951665,507.1,"2013-12-24 17:20:24","IMGP5028.JPG"
642,23.9706966667,120.949933333,506.6,"2013-12-24 17:21:09","IMGP5029.JPG"
643,23.9706966667,120.949933333,506.6,"2013-12-24 17:21:54","IMGP5030.JPG"
644,23.9716433333,120.946688333,504.5,"2013-12-24 17:22:39","IMGP5031.JPG"
645,23.9716433333,120.946688333,504.5,"2013-12-24 17:23:24","IMGP5032.JPG"
646,23.9716433333,120.946688333,504.5,"2013-12-24 17:24:09","IMGP5033.JPG"
647,23.9713666667,120.947181667,503.8,"2013-12-24 17:24:54","IMGP5034.JPG"
648,23.9714,120.946628333,504.3,"2013-12-24 17:25:39","IMGP5035.JPG"
649,23.97117,120.9466,504.1,"2013-12-24 17:26:24","IMGP5036.JPG"
650,23.9711816667,120.946556667,503.9,"2013-12-24 17:27:09","IMGP5037.JPG"
651,23.9711816667,120.946556667,503.9,"2013-12-24 17:27:54","IMGP5038.JPG"
652,23.9711816667,120.946556667,503.9,"2013-12-24 17:28:39","IMGP5039.JPG"
653,23.9715516667,120.946626667,504.1,"2013-12-24 17:29:24","IMGP5040.JPG"
654,23.9714866667,120.94663,504,"2013-12-24 17:30:09","IMGP5041.JPG"
655,23.97159,120.946743333,504,"2013-12-24 17:30:54","IMGP5042.JPG"
656,23.97159,120.946743333,504,"2013-12-24 17:31:39","IMGP5043.JPG"
657,23.97159,120.946743333,504,"2013-12-24 17:32:24","IMGP5044.JPG"
658,23.97159,120.946743333,504,"2013-12-24 17:33:09","IMGP5045.JPG"
659,23.97159,120.946743333,504,"2013-12-24 17:33:54","IMGP5046.JPG"
660,23.97159,120.946743333,504,"2013-12-24 17:34:39","IMGP5047.JPG"
661,23.9712833333,120.946555,503.2,"2013-12-24 17:35:24","IMGP5048.JPG"
662,23.9712833333,120.946555,503.2,"2013-12-24 17:36:09","IMGP5049.JPG"
663,23.9712833333,120.946555,503.2,"2013-12-24 17:36:54","IMGP5050.JPG"
664,23.971425,120.946773333,502.6,"2013-12-24 17:37:39","IMGP5051.JPG"
665,23.971425,120.946773333,502.6,"2013-12-24 17:38:24","IMGP5052.JPG"
666,23.9716316667,120.9468,501.8,"2013-12-24 17:39:09","IMGP5053.JPG"
667,23.9716316667,120.9468,501.8,"2013-12-24 17:39:54","IMGP5054.JPG"
668,23.9716316667,120.9468,501.8,"2013-12-24 17:40:39","IMGP5055.JPG"
669,23.9715066667,120.946801667,501.6,"2013-12-24 17:41:24","IMGP5056.JPG"
670,23.9715066667,120.946801667,501.6,"2013-12-24 17:42:09","IMGP5057.JPG"
671,23.9714616667,120.946921667,501.3,"2013-12-24 17:42:54","IMGP5058.JPG"
672,23.9714616667,120.946921667,501.3,"2013-12-24 17:43:39","IMGP5059.JPG"
673,23.971435,120.94668,501.3,"2013-12-24 17:44:24","IMGP5060.JPG"
674,23.971585,120.946835,501.2,"2013-12-24 17:45:09","IMGP5061.JPG"
675,23.9714333333,120.946775,500.5,"2013-12-24 17:45:54","IMGP5062.JPG"
676,23.9715733333,120.947061667,499.8,"2013-12-24 17:46:39","IMGP5063.JPG"
677,23.9701433333,120.94762,499,"2013-12-24 17:47:24","IMGP5064.JPG"
678,23.9688233333,120.947061667,498.5,"2013-12-24 17:48:09","IMGP5065.JPG"
679,23.9659666667,120.946203333,497.3,"2013-12-24 17:48:54","IMGP5066.JPG"
680,23.9651516667,120.94654,497.4,"2013-12-24 17:49:39","IMGP5067.JPG"
681,23.9651516667,120.94654,497.4,"2013-12-24 17:50:24","IMGP5068.JPG"
682,23.9625583333,120.94592,496,"2013-12-24 17:51:09","IMGP5069.JPG"
683,23.96096,120.94549,495,"2013-12-24 17:51:54","IMGP5070.JPG"
684,23.959415,120.944675,493.6,"2013-12-24 17:52:39","IMGP5071.JPG"
685,23.959415,120.944675,493.6,"2013-12-24 17:53:24","IMGP5072.JPG"
686,23.959415,120.944675,493.6,"2013-12-24 17:54:09","IMGP5073.JPG"
687,23.9554566667,120.940243333,494.7,"2013-12-24 17:54:54","IMGP5074.JPG"
688,23.9554566667,120.940243333,494.7,"2013-12-24 17:55:39","IMGP5075.JPG"
689,23.9554566667,120.940243333,494.7,"2013-12-24 17:56:24","IMGP5076.JPG"
690,23.9504866667,120.938531667,493.9,"2013-12-24 17:57:09","IMGP5077.JPG"
691,23.949885,120.938071667,493.9,"2013-12-24 17:57:54","IMGP5078.JPG"
692,23.9485916667,120.937378333,493.6,"2013-12-24 17:58:39","IMGP5079.JPG"
693,23.947395,120.937031667,494.1,"2013-12-24 17:59:24","IMGP5080.JPG"
694,23.9445816667,120.934305,494,"2013-12-24 18:00:09","IMGP5081.JPG"
695,23.94444,120.933155,493.3,"2013-12-24 18:00:54","IMGP5082.JPG"
696,23.94366,120.930831667,492.8,"2013-12-24 18:01:39","IMGP5083.JPG"
697,23.94366,120.930831667,492.8,"2013-12-24 18:02:24","IMGP5084.JPG"
698,23.9413933333,120.92859,493.5,"2013-12-24 18:03:09","IMGP5085.JPG"
699,23.9404766667,120.927528333,492.1,"2013-12-24 18:03:54","IMGP5086.JPG"
700,23.939425,120.926998333,492.1,"2013-12-24 18:04:40","IMGP5087.JPG"
701,23.93833,120.926523333,492.1,"2013-12-24 18:05:24","IMGP5088.JPG"
702,23.93833,120.926523333,492.1,"2013-12-24 18:06:09","IMGP5089.JPG"
703,23.9363233333,120.926881667,493.2,"2013-12-24 18:06:54","IMGP5090.JPG"
704,23.9363233333,120.926881667,493.2,"2013-12-24 18:07:39","IMGP5091.JPG"
705,23.9363233333,120.926881667,493.2,"2013-12-24 18:08:24","IMGP5092.JPG"
706,23.93384,120.925006667,501.2,"2013-12-24 18:09:09","IMGP5093.JPG"
707,23.9334983333,120.924186667,501.4,"2013-12-24 18:09:54","IMGP5094.JPG"
708,23.9331483333,120.923156667,501.8,"2013-12-24 18:10:39","IMGP5095.JPG"
709,23.9325833333,120.922306667,502.5,"2013-12-24 18:11:24","IMGP5096.JPG"
710,23.9318683333,120.922366667,502.4,"2013-12-24 18:12:09","IMGP5097.JPG"
711,23.9313116667,120.922675,502.7,"2013-12-24 18:12:55","IMGP5098.JPG"
712,23.930585,120.922961667,503.1,"2013-12-24 18:13:39","IMGP5099.JPG"
713,23.930585,120.922961667,503.1,"2013-12-24 18:14:24","IMGP5100.JPG"
714,23.9287616667,120.922635,504.8,"2013-12-24 18:15:09","IMGP5101.JPG"
715,23.9287616667,120.922635,504.8,"2013-12-24 18:15:54","IMGP5102.JPG"
716,23.9287616667,120.922635,504.8,"2013-12-24 18:16:39","IMGP5103.JPG"
717,23.9287616667,120.922635,504.8,"2013-12-24 18:17:24","IMGP5104.JPG"
718,23.9287616667,120.922635,504.8,"2013-12-24 18:18:09","IMGP5105.JPG"
719,23.922465,120.922821667,509.8,"2013-12-24 18:18:54","IMGP5106.JPG"
720,23.9216283333,120.92296,511.1,"2013-12-24 18:19:39","IMGP5107.JPG"
721,23.921105,120.92271,558.09,"2013-12-24 18:20:24","IMGP5108.JPG"
722,23.921105,120.92271,558.09,"2013-12-24 18:21:09","IMGP5109.JPG"
723,23.921105,120.92271,558.09,"2013-12-24 18:21:54","IMGP5110.JPG"
724,23.9211516667,120.922716667,528.59,"2013-12-24 18:22:39","IMGP5111.JPG"
725,23.9211583333,120.922743333,578.9,"2013-12-24 18:23:24","IMGP5112.JPG"
726,23.9211583333,120.922743333,578.9,"2013-12-24 18:24:09","IMGP5113.JPG"
727,23.9204816667,120.923123333,540.2,"2013-12-24 18:24:54","IMGP5114.JPG"
728,23.9195333333,120.923646667,540.2,"2013-12-24 18:25:39","IMGP5115.JPG"
729,23.918895,120.925526667,540.09,"2013-12-24 18:26:24","IMGP5116.JPG"
730,23.918895,120.925526667,540.09,"2013-12-24 18:27:09","IMGP5117.JPG"
731,23.918895,120.925526667,540.09,"2013-12-24 18:27:54","IMGP5118.JPG"
732,23.918895,120.925526667,540.09,"2013-12-24 18:28:39","IMGP5119.JPG"
733,23.914545,120.926533333,543.7,"2013-12-24 18:29:24","IMGP5120.JPG"
734,23.9134333333,120.926513333,544.09,"2013-12-24 18:30:09","IMGP5121.JPG"
735,23.9121716667,120.926305,543.7,"2013-12-24 18:30:54","IMGP5122.JPG"
736,23.9121716667,120.926305,543.7,"2013-12-24 18:31:39","IMGP5123.JPG"
737,23.9058633333,120.927291667,545.8,"2013-12-24 18:32:24","IMGP5124.JPG"
738,23.9058633333,120.927291667,545.8,"2013-12-24 18:33:09","IMGP5125.JPG"
739,23.9026466667,120.928045,552.3,"2013-12-24 18:33:54","IMGP5126.JPG"
740,23.9026466667,120.928045,552.3,"2013-12-24 18:34:39","IMGP5127.JPG"
741,23.9026466667,120.928045,552.3,"2013-12-24 18:35:24","IMGP5128.JPG"
742,23.9008816667,120.931268333,563.59,"2013-12-24 18:36:09","IMGP5129.JPG"
743,23.9008816667,120.931268333,563.59,"2013-12-24 18:36:54","IMGP5130.JPG"
744,23.9008816667,120.931268333,563.59,"2013-12-24 18:37:40","IMGP5131.JPG"
745,23.9008816667,120.931268333,563.59,"2013-12-24 18:38:24","IMGP5132.JPG"
746,23.904035,120.935376667,565.09,"2013-12-24 18:39:09","IMGP5133.JPG"
747,23.904035,120.935376667,565.09,"2013-12-24 18:39:54","IMGP5134.JPG"
748,23.904035,120.935376667,565.09,"2013-12-24 18:40:39","IMGP5135.JPG"
749,23.9072916667,120.93628,571.7,"2013-12-24 18:41:24","IMGP5136.JPG"
750,23.9085166667,120.936456667,571.4,"2013-12-24 18:42:09","IMGP5137.JPG"
751,23.9096966667,120.936428333,571.5,"2013-12-24 18:42:54","IMGP5138.JPG"
752,23.9096966667,120.936428333,571.5,"2013-12-24 18:43:39","IMGP5139.JPG"
753,23.9096966667,120.936428333,571.5,"2013-12-24 18:44:24","IMGP5140.JPG"
754,0,0,0,"2013-12-24 18:45:09","IMGP5141.JPG"
755,23.91061,120.93658,643.2,"2013-12-24 19:45:57","IMGP5142.JPG"
756,23.91061,120.93658,643.2,"2013-12-24 19:51:56","IMGP5143.JPG"
757,23.91061,120.93658,643.2,"2013-12-24 19:52:51","IMGP5144.JPG"
758,23.91061,120.93658,643.2,"2013-12-24 19:53:26","IMGP5145.JPG"
759,23.91061,120.93658,643.2,"2013-12-24 19:54:18","IMGP5147.JPG"
